SOB_ID;DB_Status;Schadensfall_Name Fahrer;DB_Status_Date_Active;DB_Status_Date_Inactive
SOB_20260105T163218713469Z_AYB2NAC7CVD3;Active;Lukas Weber;2026-01-05 16:32:18;
SOB_20260105T163218713973Z_WQR6M2QFD5DZ;Active;Anna Richter;2026-01-05 16:32:18;
SOB_20260105T163218714194Z_I2CZAB7D4RHJ;Active;Jonas Klein;2026-01-05 16:32:18;
SOB_20260105T163218714393Z_COC5NG426BGZ;Active;Marie Hoffmann;2026-01-05 16:32:18;
SOB_20260105T163218714591Z_W5HUCO6LBBFI;Active;Felix Hartmann;2026-01-05 16:32:18;
SOB_20260105T163218714781Z_NHMUDOY4RVAB;Active;Sophie Lorenz;2026-01-05 16:32:18;
SOB_20260105T163218714965Z_2R6H2T2R5NCE;Active;Tim Wagner;2026-01-05 16:32:18;
SOB_20260105T163218715150Z_VASJUXG4ZVH3;Active;Clara Sommer;2026-01-05 16:32:18;
SOB_20260105T163218715341Z_2AFCJYUTTBFC;Active;David Schuster;2026-01-05 16:32:18;
SOB_20260105T163218715528Z_O57LDIQUFFD3;Active;Julia Becker;2026-01-05 16:32:18;
SOB_20260105T163218715710Z_FGPQMTC7LJDM;Active;Patrick Neumann;2026-01-05 16:32:18;
SOB_20260105T163218715906Z_4WUTZYGNJJFJ;Active;Laura Engel;2026-01-05 16:32:18;
SOB_20260105T163218716091Z_63GO5R5UPRBA;Active;Martin Keller;2026-01-05 16:32:18;
SOB_20260105T163218716285Z_NHQVUCO5XRAZ;Active;Sarah Baumann;2026-01-05 16:32:18;
SOB_20260105T163218716470Z_YS7UNAVOKBCV;Active;Tobias König;2026-01-05 16:32:18;
SOB_20260105T163218716655Z_6ZB6DLK7RFD7;Active;Nina Frank;2026-01-05 16:32:18;
SOB_20260105T163218716843Z_GMF6E64WZRDM;Active;Jan Fischer;2026-01-05 16:32:18;
SOB_20260105T163218717020Z_IE4IS6SVDRHB;Active;Theresa Brandt;2026-01-05 16:32:18;
SOB_20260105T163218717207Z_WORBSLX5DFH4;Active;Leon Schröder;2026-01-05 16:32:18;
SOB_20260105T163218717388Z_2ZPSUKPVIZEV;Active;Mia Albrecht;2026-01-05 16:32:18;
SOB_20260105T163218717564Z_OQVVHJDDQZHC;Active;Jonah Metzger;2026-01-05 16:32:18;
SOB_20260105T163218717746Z_WKLD5TTAD5GL;Active;Elena Voigt;2026-01-05 16:32:18;
SOB_20260105T163218717926Z_6XXS7UVXWZHG;Active;Paul Krämer;2026-01-05 16:32:18;
SOB_20260105T163218718114Z_HBUYLHNR3JE2;Active;Hannah Reuter;2026-01-05 16:32:18;
SOB_20260105T163218718347Z_SFE3VBX7LNEU;Active;Moritz Adler;2026-01-05 16:32:18;
SOB_20260105T163218718508Z_ECRYDVMPTFHT;Active;Isabell Kraft;2026-01-05 16:32:18;
SOB_20260105T163218718669Z_USWEWSUI7BBT;Active;Benni Kraus;2026-01-05 16:32:18;
SOB_20260105T163218718833Z_NNKTBFC5ABA6;Active;Lea Arnold;2026-01-05 16:32:18;
SOB_20260105T163218719001Z_X3DAA3PLZVG2;Active;Robin Steiner;2026-01-05 16:32:18;
SOB_20260105T163218719165Z_SGFIXJEPKBEZ;Active;Ella Scholz;2026-01-05 16:32:18;
SOB_20260105T163218719329Z_QKLAJQHQPZDJ;Active;Simon Busch;2026-01-05 16:32:18;
SOB_20260105T163218719495Z_HQNQUSSIYVFL;Active;Kira Jansen;2026-01-05 16:32:18;
SOB_20260105T163218719661Z_ZLA6ZG3IQNCK;Active;Noah Baier;2026-01-05 16:32:18;
SOB_20260105T163218719822Z_PIEXLOBOZND4;Active;Pia Lorenz;2026-01-05 16:32:18;
SOB_20260105T163218719988Z_JMZ5WCG4W5GV;Active;Joel Krüger;2026-01-05 16:32:18;
SOB_20260105T163218720144Z_V5OM22YJ6JEJ;Active;Lara Schmid;2026-01-05 16:32:18;
SOB_20260105T163218720292Z_MGIJNNVZARCY;Active;Fabian Horn;2026-01-05 16:32:18;
SOB_20260105T163218720451Z_FVFQ7ZE5SZBN;Active;Marlene Dietz;2026-01-05 16:32:18;
SOB_20260105T163218720603Z_CWSJOIBUKFCR;Active;Nicolas Vogt;2026-01-05 16:32:18;
SOB_20260105T163218720750Z_CC42T2K3LBGU;Active;Alina Sturm;2026-01-05 16:32:18;
SOB_20260105T163218720902Z_K2NKAWJZ65E2;Active;Jonas Albrecht;2026-01-05 16:32:18;
SOB_20260105T163218721052Z_67P3R77AIZEW;Active;Emily Rabe;2026-01-05 16:32:18;
SOB_20260105T163218721208Z_NQHQU5DBWNDY;Active;Marco Weiß;2026-01-05 16:32:18;
SOB_20260105T163218721362Z_SXCAGNYQSNDR;Active;Johanna Kühn;2026-01-05 16:32:18;
SOB_20260105T163218721514Z_TT2FVQE6MVED;Active;Dario Sauer;2026-01-05 16:32:18;
SOB_20260105T163218721666Z_NOVERUIJM5EB;Active;Lisa Hartwig;2026-01-05 16:32:18;
SOB_20260105T163218721818Z_6JCJSVZSUVCG;Active;Kevin Peters;2026-01-05 16:32:18;
SOB_20260105T163218721977Z_6V3ZPBZG5BFI;Active;Lena Ziegler;2026-01-05 16:32:18;
SOB_20260105T163218722126Z_N6NK3NJOMJBW;Active;Armin Keller;2026-01-05 16:32:18;
SOB_20260105T163218722274Z_OOQI4543E5G6;Active;Sarah Berg;2026-01-05 16:32:18;
SOB_20260105T163218722427Z_UFM545447JGZ;Active;Julian Wolff;2026-01-05 16:32:18;
SOB_20260105T163218722576Z_Y3K7C7SSUJBW;Active;Helena Vogler;2026-01-05 16:32:18;
SOB_20260105T163218722734Z_JN5FFMXL4NF5;Active;Nils König;2026-01-05 16:32:18;
SOB_20260105T163218722890Z_Z2QJU6C4LVGU;Active;Jule Reinhardt;2026-01-05 16:32:18;
SOB_20260105T163218723043Z_XTBXAOKR4JA5;Active;Max Thal;2026-01-05 16:32:18;
SOB_20260105T163218723196Z_HY345ACIIZBC;Active;Selina Kaufmann;2026-01-05 16:32:18;
SOB_20260105T163218723353Z_RHJXNFPISNAA;Active;Rico Brand;2026-01-05 16:32:18;
SOB_20260105T163218723511Z_I5O7JP5RGVDW;Active;Carolin Andres;2026-01-05 16:32:18;
SOB_20260105T163218723676Z_2PWPS6H6E5HS;Active;Henrik Müller;2026-01-05 16:32:18;
SOB_20260105T163218723838Z_CWTXZNLP45DX;Active;Nora Sommer;2026-01-05 16:32:18;
SOB_20260105T163218723988Z_QFI3ZPTGWJF2;Active;Tom Albrecht;2026-01-05 16:32:18;
SOB_20260105T163218724137Z_4WJNSUDSRZDQ;Active;Mila Ernst;2026-01-05 16:32:18;
SOB_20260105T163218724298Z_DC5IBIKNF5C7;Active;Finn Berger;2026-01-05 16:32:18;
SOB_20260105T163218724452Z_ZMPYP74GJJE2;Active;Nadine Lauter;2026-01-05 16:32:18;
SOB_20260105T163218724605Z_3V2J6RGZYRCB;Active;Stefan Diehl;2026-01-05 16:32:18;
SOB_20260105T163218724768Z_U5PWFSOWSRG4;Active;Paula Kranz;2026-01-05 16:32:18;
SOB_20260105T163218724923Z_E2NRLOQQCVBK;Active;Janina Roth;2026-01-05 16:32:18;
SOB_20260105T163218725086Z_FOPBE2ZQJVHB;Active;Oskar Lenz;2026-01-05 16:32:18;
SOB_20260105T163218725234Z_NLGGM5GLSRCT;Active;Miriam Graf;2026-01-05 16:32:18;
SOB_20260105T163218725386Z_ZPLGV7ESHJAS;Active;Eric Neubauer;2026-01-05 16:32:18;
SOB_20260105T163218725539Z_65AV4R55HJAE;Active;Lina Sauer;2026-01-05 16:32:18;
SOB_20260105T163218725688Z_2UGFYK4BOBH3;Active;Arne Werner;2026-01-05 16:32:18;
SOB_20260105T163218725848Z_CQFXVM43KRFG;Active;Amy Keller;2026-01-05 16:32:18;
SOB_20260105T163218725997Z_T2CLUXM34FFJ;Active;Leo Hofmann;2026-01-05 16:32:18;
SOB_20260105T163218726151Z_NQJYUG2SDJDD;Active;Martha Scholz;2026-01-05 16:32:18;
SOB_20260105T163218726305Z_OH5WEMYIEJFG;Active;Viktor Kramer;2026-01-05 16:32:18;
SOB_20260105T163218726455Z_XDMNUCY3NJG6;Active;Nina Baum;2026-01-05 16:32:18;
SOB_20260105T163218726616Z_ESKKL7GQMNA7;Active;Roman Melzer;2026-01-05 16:32:18;
SOB_20260105T163218726770Z_UPSOEVQHTBG3;Active;Tanja Kurz;2026-01-05 16:32:18;
SOB_20260105T163218726920Z_MVR4SFUS6VAN;Active;Marc Voss;2026-01-05 16:32:18;
SOB_20260105T163218727069Z_GSFIDBZPHRDG;Active;Vera Dieckmann;2026-01-05 16:32:18;
SOB_20260105T163218727239Z_5XOCWS2MLNH3;Active;Kilian Abel;2026-01-05 16:32:18;
SOB_20260105T163218727553Z_ALZ6GKFZ2RFV;Active;Lilly Kraus;2026-01-05 16:32:18;
SOB_20260105T163218727786Z_RODP7TZT45HC;Active;Mats Winter;2026-01-05 16:32:18;
SOB_20260105T163218728008Z_DSQEIRYFVJHE;Active;Lisa Wagner;2026-01-05 16:32:18;
SOB_20260105T163218728232Z_7BLTD2NFUFAP;Active;Fabian Kurz;2026-01-05 16:32:18;
SOB_20260105T163218728495Z_CQYKZYR6XREB;Active;Selma Jacob;2026-01-05 16:32:18;
SOB_20260105T163218728757Z_AJEIQQ73IJAZ;Active;Enrico Maurer;2026-01-05 16:32:18;
SOB_20260105T163218728995Z_GMBSIIPXQNHE;Active;Nathalie König;2026-01-05 16:32:18;
SOB_20260105T163218729190Z_VIYFJQ6FRNDX;Active;Jakob Ries;2026-01-05 16:32:18;
SOB_20260105T163218729348Z_RWM4ZISYJZHA;Active;Melanie Andres;2026-01-05 16:32:18;
SOB_20260105T163218729504Z_BWNJSFEZORD5;Active;Dennis Sturm;2026-01-05 16:32:18;
SOB_20260105T163218729650Z_56KSOBMZIVDC;Active;Kim Althoff;2026-01-05 16:32:18;
SOB_20260105T163218729799Z_XJH2P3ENFFDC;Active;Falk Richter;2026-01-05 16:32:18;
SOB_20260105T163218729946Z_UH2EOJPBINF6;Active;Sven Huber;2026-01-05 16:32:18;
SOB_20260105T163218730090Z_ZO5QULZFBREH;Active;Nora Becker;2026-01-05 16:32:18;
SOB_20260105T163218730243Z_MFPN53BPMZEB;Active;Pascal Zehnder;2026-01-05 16:32:18;
SOB_20260105T163218730385Z_JIP73DHQ4RBH;Active;Selin Mercier;2026-01-05 16:32:18;
SOB_20260105T163218730530Z_CFEAAR4KXFFK;Active;Alfred Kröger;2026-01-05 16:32:18;
SOB_20260105T163218730676Z_RCWJPW62SZB6;Active;Jana Möhring;2026-01-05 16:32:18;
SOB_20260105T163218730817Z_I2MP5FVZLBD2;Active;David Krämer;2026-01-05 16:32:18;
SOB_20260105T163218730967Z_TKQYB7Q7IBFJ;Active;Daniela Kurz;2026-01-05 16:32:18;
SOB_20260105T163218731109Z_UKCOKMZEKRFC;Active;Timon Adler;2026-01-05 16:32:18;
SOB_20260105T163218731254Z_DU7ZRQVDZJB3;Active;Lucia Hahn;2026-01-05 16:32:18;
SOB_20260105T163218731398Z_DQ4736WODJBT;Active;Sebastian Arnold;2026-01-05 16:32:18;
SOB_20260105T163218731539Z_PPU767CHLJF4;Active;Evelyn Keller;2026-01-05 16:32:18;
SOB_20260105T163218731687Z_ZUMT4WZQDRH5;Active;Marco König;2026-01-05 16:32:18;
SOB_20260105T163218731835Z_PWJ6FI4WNBGZ;Active;Yara Sommer;2026-01-05 16:32:18;
SOB_20260105T163218731976Z_RX2GXAQMMRH6;Active;Roman Diehl;2026-01-05 16:32:18;
SOB_20260105T163218732129Z_JRFNDJDBONAF;Active;Antonia Ziegler;2026-01-05 16:32:18;
SOB_20260105T163218732283Z_LH2FVW6HE5BN;Active;Jonathan Hart;2026-01-05 16:32:18;
SOB_20260105T163218732426Z_Q64ZEXDDGNG2;Active;Sina Fuchs;2026-01-05 16:32:18;
SOB_20260105T163218732567Z_L7QGESIAUZEH;Active;Kevin Sauer;2026-01-05 16:32:18;
SOB_20260105T163218732712Z_MNO54FR4YBER;Active;Mira Paulsen;2026-01-05 16:32:18;
SOB_20260105T163218732854Z_BIS4PI4TL5HQ;Active;Adrian Herzog;2026-01-05 16:32:18;
SOB_20260105T163218733008Z_Z3CQAGUXO5DI;Active;Eva Stahl;2026-01-05 16:32:18;
SOB_20260105T163218733150Z_4HQZZQET6BD5;Active;Lasse Berger;2026-01-05 16:32:18;
SOB_20260105T163218733295Z_76Q67EKIPZDS;Active;Annalena Meier;2026-01-05 16:32:18;
SOB_20260105T163218733441Z_QMTJJ4U2MFBU;Active;Tarek Moll;2026-01-05 16:32:18;
SOB_20260105T163218733584Z_G7KWJ3SOS5HI;Active;Rebecca Sturm;2026-01-05 16:32:18;
SOB_20260105T163218733734Z_H233JVTSQ5HO;Active;Florian Keil;2026-01-05 16:32:18;
SOB_20260105T163218733876Z_DIDRSOI7NNE3;Active;Kathrin Abel;2026-01-05 16:32:18;
SOB_20260105T163218734014Z_M4PV7USN2FA2;Active;Leonard Busch;2026-01-05 16:32:18;
SOB_20260105T163218734161Z_J6MIUMXL7ZE5;Active;Alina Voss;2026-01-05 16:32:18;
SOB_20260105T163218734301Z_WVINEP75UNGF;Active;Mehmet Arslan;2026-01-05 16:32:18;
SOB_20260105T163218734448Z_3JZIL3AEDFFJ;Active;Doris Pfeiffer;2026-01-05 16:32:18;
SOB_20260105T163218734588Z_XUW5WFSK3VG2;Active;Eric Harms;2026-01-05 16:32:18;
SOB_20260105T163218734727Z_63VHB2EIMRD2;Active;Miriam Groß;2026-01-05 16:32:18;
SOB_20260105T163218734869Z_IEZ3T76RLVGF;Active;Alex Jahn;2026-01-05 16:32:18;
SOB_20260105T163218735022Z_JATC2KQPOVHI;Active;Chiara Lux;2026-01-05 16:32:18;
SOB_20260105T163218735170Z_WMMXWGJ3KVGK;Active;Hendrik Clausen;2026-01-05 16:32:18;
SOB_20260105T163218735313Z_OC7QFG562FGD;Active;Matilda Kurz;2026-01-05 16:32:18;
SOB_20260105T163218735455Z_RWWHB4I7RJGK;Active;Ronny Seifert;2026-01-05 16:32:18;
SOB_20260105T163218735596Z_QXHQO55NURCY;Active;Lia Henkel;2026-01-05 16:32:18;
SOB_20260105T163218735737Z_XTYZ3N36YJFL;Active;Timo Adler;2026-01-05 16:32:18;
SOB_20260105T163218735887Z_NKKR2HUG4JDZ;Active;Vanessa Lorenz;2026-01-05 16:32:18;
SOB_20260105T163218736031Z_OYLZBSY7DFGT;Active;Joshua Peters;2026-01-05 16:32:18;
SOB_20260105T163218736172Z_GX3FCUBIMJGN;Active;Juliana Franke;2026-01-05 16:32:18;
SOB_20260105T163218736314Z_XH5HYEFR3BES;Active;Samuel Köhler;2026-01-05 16:32:18;
SOB_20260105T163218736459Z_WXIMS7PTOFDQ;Active;Christin Werner;2026-01-05 16:32:18;
SOB_20260105T163218736607Z_RJLBFXZUR5GL;Active;Yannick Schwarz;2026-01-05 16:32:18;
SOB_20260105T163218736751Z_MW7OPTD2BNCA;Active;Theresa Arnold;2026-01-05 16:32:18;
SOB_20260105T163218736897Z_SB5U4KPRCFDP;Active;Nico Brenner;2026-01-05 16:32:18;
SOB_20260105T163218737037Z_UKYRKP3BVFFN;Active;Kira Melzer;2026-01-05 16:32:18;
SOB_20260105T163218737179Z_ZOWYZZNFABHX;Active;Marco Altner;2026-01-05 16:32:18;
SOB_20260105T163218737331Z_NHSQPUNEYZA5;Active;Sascha Holm;2026-01-05 16:32:18;
SOB_20260105T163218737472Z_HNON2UFFQZAP;Active;Tina Escher;2026-01-05 16:32:18;
SOB_20260105T163218737613Z_OCIJKOP4RNEO;Active;Frederik Zahn;2026-01-05 16:32:18;
SOB_20260105T163218737757Z_BRY3U4U4BJDI;Active;Nadine Rupp;2026-01-05 16:32:18;
SOB_20260105T163218737916Z_7QYCQDX2ANAW;Active;Oliver Bach;2026-01-05 16:32:18;
SOB_20260105T163218738056Z_SPRZ7FFYS5AL;Active;Laura Theis;2026-01-05 16:32:18;
SOB_20260105T163218738197Z_GW7E4QRWJVAN;Active;Ben Herrmann;2026-01-05 16:32:18;
SOB_20260105T163218738336Z_SBZL5MM2ZRBX;Active;Vanessa Koch;2026-01-05 16:32:18;
SOB_20260105T163218738477Z_MGPIDLYZQJGN;Active;Thomas Klee;2026-01-05 16:32:18;
SOB_20260105T163218738627Z_KENKV6KH3JHM;Active;Julia Krause;2026-01-05 16:32:18;
SOB_20260105T163218738768Z_KYNAFEZQJFGQ;Active;Lukas Fromm;2026-01-05 16:32:18;
SOB_20260105T163218738910Z_FOXTXLV3FRH3;Active;Sophia Bendt;2026-01-05 16:32:18;
SOB_20260105T163218739047Z_45UBE2ITRBEE;Active;Tobias Kästner;2026-01-05 16:32:18;
SOB_20260105T163218739193Z_PUSHJ5DV4ZDL;Active;Marlon Rick;2026-01-05 16:32:18;
SOB_20260105T163218739341Z_6S6OAEWV7RH4;Active;Vanessa Blum;2026-01-05 16:32:18;
SOB_20260105T163218739484Z_5R2AWPWORVFX;Active;Joel Riedel;2026-01-05 16:32:18;
SOB_20260105T163218739629Z_CTMAHPK23NG2;Active;Britta Adler;2026-01-05 16:32:18;
SOB_20260105T163218739773Z_3PHC4JIUXFBQ;Active;Philipp Reimann;2026-01-05 16:32:18;
SOB_20260105T163218739915Z_ZPJQNKJSZNFV;Active;Samira Krug;2026-01-05 16:32:18;
SOB_20260105T163218740068Z_RMXMEUM72RHG;Active;Henrik Ott;2026-01-05 16:32:18;
SOB_20260105T163218740211Z_I43SBKT5HZBI;Active;Michelle Paul;2026-01-05 16:32:18;
SOB_20260105T163218740356Z_N3NXB24Q5ZDW;Active;Jeremy Dietrich;2026-01-05 16:32:18;
SOB_20260105T163218740501Z_UC4IKZBTQ5EA;Active;Alicia Rupp;2026-01-05 16:32:18;
SOB_20260105T163218740645Z_BYUF35664FFA;Active;Ruben Meister;2026-01-05 16:32:18;
SOB_20260105T163218740795Z_DEMAAIFGG5HZ;Active;Petra Mink;2026-01-05 16:32:18;
SOB_20260105T163218740940Z_REPDNX5LIBFN;Active;Ole Rehm;2026-01-05 16:32:18;
SOB_20260105T163218741089Z_SEGAKLQODNEI;Active;Jana Heck;2026-01-05 16:32:18;
SOB_20260105T163218741229Z_I5U6LKVEV5FZ;Active;Kilian Krafft;2026-01-05 16:32:18;
SOB_20260105T163218741384Z_X44DULTEXVFF;Active;Alisa Stahlberg;2026-01-05 16:32:18;
SOB_20260105T163218741533Z_RQCMC42XYNEZ;Active;Rico Schall;2026-01-05 16:32:18;
SOB_20260105T163218741676Z_GX7KWL3S3JCP;Active;Tamina Weber;2026-01-05 16:32:18;
SOB_20260105T163218741818Z_LI3FWNTWXJCR;Active;Sandro Dirks;2026-01-05 16:32:18;
SOB_20260105T163218741960Z_YCMOHGKHN5CX;Active;Loreen Bergmann;2026-01-05 16:32:18;
SOB_20260105T163218742098Z_AK3XEASCUZE3;Active;Nick Albrecht;2026-01-05 16:32:18;
SOB_20260105T163218742246Z_RQLZCIRG65BZ;Active;Patricia Singer;2026-01-05 16:32:18;
SOB_20260105T163218742396Z_R3HTMBRKRBHR;Active;Ferdinand Weiß;2026-01-05 16:32:18;
SOB_20260105T163218742538Z_ZGRZCDYI6RFA;Active;Selin Pfeifer;2026-01-05 16:32:18;
SOB_20260105T163218742680Z_ELSPYT37KFDJ;Active;Dennis Heyer;2026-01-05 16:32:18;
SOB_20260105T163218742826Z_PFRM5RVSONH6;Active;Celine Kraft;2026-01-05 16:32:18;
SOB_20260105T163218742977Z_QNXZRQ2I6VAA;Active;Till Jäger;2026-01-05 16:32:18;
SOB_20260105T163218743217Z_ILWEFJ6ZXVCW;Active;Anika Rothe;2026-01-05 16:32:18;
SOB_20260105T163218743374Z_Z53OOXCGGNH7;Active;Kai Heller;2026-01-05 16:32:18;
SOB_20260105T163218743520Z_V5ZVA4KE7ZFL;Active;Lina Henning;2026-01-05 16:32:18;
SOB_20260105T163218743666Z_T4MUMSUY5RH2;Active;Benedikt Graf;2026-01-05 16:32:18;
SOB_20260105T163218743815Z_PTHU3GZ6CZAO;Active;Lia Hahn;2026-01-05 16:32:18;
SOB_20260105T163218743961Z_H3PXGYOC4JDH;Active;Marlon Köhn;2026-01-05 16:32:18;
SOB_20260105T163218744103Z_AKXFQMJ2PNG6;Active;Frida Claus;2026-01-05 16:32:18;
SOB_20260105T163218744267Z_22YU76RU6JD5;Active;Jonathan Hanke;2026-01-05 16:32:18;
SOB_20260105T163218744416Z_BTYOA54GDBA6;Active;Vivien Vogler;2026-01-05 16:32:18;
SOB_20260105T163218744565Z_GVL63R6VL5FZ;Active;Ramon Büttner;2026-01-05 16:32:18;
SOB_20260105T163218744708Z_S7CWAXDRCNAT;Active;Melina Busch;2026-01-05 16:32:18;
SOB_20260105T163218744852Z_CKW3TGCKRZBQ;Active;Jens Langer;2026-01-05 16:32:18;
SOB_20260105T163218744995Z_K55O6QSFIBCV;Active;Esther Naumann;2026-01-05 16:32:18;
SOB_20260105T163218745178Z_XT3EM6QY5VAI;Active;Timo Reuter;2026-01-05 16:32:18;
SOB_20260105T163218745323Z_T3DZZLTT6VGQ;Active;Carla Hoff;2026-01-05 16:32:18;
SOB_20260105T163218745467Z_TXYGQ6FDYVEH;Active;Lukas König;2026-01-05 16:32:18;
SOB_20260105T163218745619Z_NUNEYZBW4ZFZ;Active;Amelie Lorenz;2026-01-05 16:32:18;
SOB_20260105T163218745763Z_HDN2GRFTMBGM;Active;Noah Schwarz;2026-01-05 16:32:18;
SOB_20260105T163218745910Z_NUWWUG2AXNDZ;Active;Sophie Mayer;2026-01-05 16:32:18;
SOB_20260105T163218746051Z_QMFBA5ERHBD6;Active;Jonas Neumann;2026-01-05 16:32:18;
SOB_20260105T163218746197Z_S62JMINXOVH3;Active;Lena Frank;2026-01-05 16:32:18;
SOB_20260105T163218746341Z_2W4CW2GIPFEL;Active;Felix Hoffmann;2026-01-05 16:32:18;
SOB_20260105T163218746481Z_SFJU7DR2EBGR;Active;Mia Vogel;2026-01-05 16:32:18;
SOB_20260105T163218746630Z_FFHHY4GWJVHO;Active;David Reuter;2026-01-05 16:32:18;
SOB_20260105T163218746775Z_YVTCWQDEQRBL;Active;Emily Klein;2026-01-05 16:32:18;
SOB_20260105T163218746924Z_77YT3A2SQRFT;Active;Tim Berger;2026-01-05 16:32:18;
SOB_20260105T163218747063Z_QZI4B34MQVHZ;Active;Lara Kuhn;2026-01-05 16:32:18;
SOB_20260105T163218747206Z_RL24HXIKWRGK;Active;Julian Fuchs;2026-01-05 16:32:18;
SOB_20260105T163218747665Z_NPTCBHZYMFEM;Active;Sina Schuster;2026-01-05 16:32:18;
SOB_20260105T163218748373Z_OCE5VRWOVNDW;Active;Leon Richter;2026-01-05 16:32:18;
SOB_20260105T163218748905Z_FJ7QAQKWYFFA;Active;Nina Horn;2026-01-05 16:32:18;
SOB_20260105T163218749556Z_ORZ4Q5XW4NG6;Active;Eric Horn;2026-01-05 16:32:18;
SOB_20260105T163218749875Z_6BFUZFKAO5AX;Active;Clara Jung;2026-01-05 16:32:18;
SOB_20260105T163218750115Z_GVCDTMPKB5AY;Active;Moritz Beck;2026-01-05 16:32:18;
SOB_20260105T163218750331Z_KGUZQVRU3RA7;Active;Laura Barth;2026-01-05 16:32:18;
SOB_20260105T163218750544Z_ZS2WOLPC2RHT;Active;Maximilian Stein;2026-01-05 16:32:18;
SOB_20260105T163218750759Z_EV3ES7ONFFB6;Active;Elisa Franke;2026-01-05 16:32:18;
SOB_20260105T163218750963Z_K3AKL5RHFFF3;Active;Tobias Lorenz;2026-01-05 16:32:18;
SOB_20260105T163218751173Z_22TWMCS7OZFP;Active;Sophie Neumann;2026-01-05 16:32:18;
SOB_20260105T163218751387Z_ULYINYX5TJAZ;Active;Felix Weber;2026-01-05 16:32:18;
SOB_20260105T163218751618Z_RMFZ2HOSCVCH;Active;Anna Schulz;2026-01-05 16:32:18;
SOB_20260105T163218751851Z_M6CNQMT45FGW;Active;Leon Wagner;2026-01-05 16:32:18;
SOB_20260105T163218752078Z_CJQSWAIEEVFA;Active;Lina Hoffmann;2026-01-05 16:32:18;
SOB_20260105T163218752323Z_GVVEJ374RVH2;Active;Pauline Keller;2026-01-05 16:32:18;
SOB_20260105T163218752547Z_7KQD3HE42BGV;Active;David Klein;2026-01-05 16:32:18;
SOB_20260105T163218752766Z_GWLHICWIOVHL;Active;Nora Busch;2026-01-05 16:32:18;
SOB_20260105T163218753004Z_3U5NVC4VG5CQ;Active;Lennart Beck;2026-01-05 16:32:18;
SOB_20260105T163218753237Z_PFQJUENGNZAJ;Active;Clara Schmid;2026-01-05 16:32:18;
SOB_20260105T163218753512Z_NQBRB5QA4BHE;Active;Moritz Dietrich;2026-01-05 16:32:18;
SOB_20260105T163218753755Z_FSWXY5JESFDD;Active;Mara Schneider;2026-01-05 16:32:18;
SOB_20260105T163218753988Z_5D4FRKA4LVBQ;Active;Tim Keller;2026-01-05 16:32:18;
SOB_20260105T163218754225Z_M4ZZBUAWM5CQ;Active;Lea Weiß;2026-01-05 16:32:18;
SOB_20260105T163218754475Z_EOXFLJ4GNBEV;Active;Jonas Frank;2026-01-05 16:32:18;
SOB_20260105T163218754700Z_KQR5SSB3WVCX;Active;Lara König;2026-01-05 16:32:18;
SOB_20260105T163218754924Z_5HYNB2VTHRBF;Active;Felix Meyer;2026-01-05 16:32:18;
SOB_20260105T163218755153Z_3GJGPGCAL5CT;Active;Anna Richter;2026-01-05 16:32:18;
SOB_20260105T163218755385Z_WJ4E6AZWIRHF;Active;Leon Wagner;2026-01-05 16:32:18;
SOB_20260105T163218755622Z_I5E3ELXIQRAM;Active;Lina Hoffmann;2026-01-05 16:32:18;
SOB_20260105T163218755854Z_LZB6PP2DLZEL;Active;Pauline Keller;2026-01-05 16:32:18;
SOB_20260105T163218756082Z_T5MN3NDTHJC6;Active;David Klein;2026-01-05 16:32:18;
SOB_20260105T163218756313Z_VGFAPZOH45H2;Active;Nora Busch;2026-01-05 16:32:18;
SOB_20260105T163218756544Z_RYHLS7LGIBGQ;Active;Lennart Beck;2026-01-05 16:32:18;
SOB_20260105T163218756787Z_BEQG3UP2VRGS;Active;Clara Schmid;2026-01-05 16:32:18;
SOB_20260105T163218757019Z_LPHJPPCPNRCR;Active;Moritz Dietrich;2026-01-05 16:32:18;
SOB_20260105T163218757253Z_2B7S3JMDW5EB;Active;Mara Schneider;2026-01-05 16:32:18;
SOB_20260105T163218757496Z_Y5BO7YCRARFV;Active;Tim Keller;2026-01-05 16:32:18;
SOB_20260105T163218757716Z_5PUHI2ZZZ5CG;Active;Lea Weiß;2026-01-05 16:32:18;
SOB_20260105T163218757930Z_TPZ5OK33DBCE;Active;Jonas Frank;2026-01-05 16:32:18;
SOB_20260105T163218758170Z_YPFLM63SYZDK;Active;Lara König;2026-01-05 16:32:18;
SOB_20260105T163218758378Z_AW2F5TZQBZEN;Active;Felix Meyer;2026-01-05 16:32:18;
SOB_20260105T163218758593Z_LUSUQ6MLAJGL;Active;Anna Richter;2026-01-05 16:32:18;
SOB_20260105T163218758802Z_BP5SUGMVUZHM;Active;Leon Wagner;2026-01-05 16:32:18;
SOB_20260105T163218759013Z_OXJJUA6CJJB3;Active;Lina Hoffmann;2026-01-05 16:32:18;
SOB_20260105T163218759235Z_H45JVJQ7TNGS;Active;Pauline Keller;2026-01-05 16:32:18;
SOB_20260105T163218759439Z_GMUVBPC7OFHW;Active;David Klein;2026-01-05 16:32:18;
SOB_20260105T163218759640Z_HTTQHMQ3RFFY;Active;Nora Busch;2026-01-05 16:32:18;
SOB_20260105T163218759836Z_KJTWGQKYRNB6;Active;Lennart Beck;2026-01-05 16:32:18;
SOB_20260105T163218760036Z_3U4MFQY5S5ES;Active;Clara Schmid;2026-01-05 16:32:18;
SOB_20260105T163218760235Z_XVG5G3CIAND6;Active;Moritz Dietrich;2026-01-05 16:32:18;
SOB_20260105T163218760432Z_RP7ZKVBCPFET;Active;Mara Schneider;2026-01-05 16:32:18;
SOB_20260105T163218760609Z_5H7KPXI7NBAI;Active;Tim Keller;2026-01-05 16:32:18;
SOB_20260105T163218760766Z_ZFJKJAJUTZBG;Active;Lea Weiß;2026-01-05 16:32:18;
SOB_20260105T163218760919Z_LDILQSF3QFFK;Active;Jonas Frank;2026-01-05 16:32:18;
SOB_20260105T163218761070Z_ZT4T6W3CDBDY;Active;Lara König;2026-01-05 16:32:18;
SOB_20260105T163218761245Z_3MPNH3PCAVEV;Active;Felix Meyer;2026-01-05 16:32:18;
SOB_20260105T163218761411Z_RXGJWOTZYFFD;Active;Anna Richter;2026-01-05 16:32:18;
SOB_20260105T163218761562Z_CPVQSVP6RJB3;Active;Leon Wagner;2026-01-05 16:32:18;
SOB_20260105T163218761720Z_2ELDRDMLJRDY;Active;Lina Hoffmann;2026-01-05 16:32:18;
SOB_20260105T163218761869Z_K7JYDOF6Y5EG;Active;Pauline Keller;2026-01-05 16:32:18;
SOB_20260105T163218762015Z_TBNMTNTBSVE6;Active;David Klein;2026-01-05 16:32:18;
SOB_20260105T163218762162Z_IEHFL5BEMJFV;Active;Nora Busch;2026-01-05 16:32:18;
SOB_20260105T163218762307Z_7OPDA4GXVFGV;Active;Lennart Beck;2026-01-05 16:32:18;
SOB_20260105T163218762466Z_GMF5PY7VTVFO;Active;Clara Schmid;2026-01-05 16:32:18;
SOB_20260105T163218762617Z_TJKHDKJBDZDQ;Active;Moritz Dietrich;2026-01-05 16:32:18;
SOB_20260105T163218762764Z_L35OFHYMCVCE;Active;Mara Schneider;2026-01-05 16:32:18;
SOB_20260105T163218762911Z_MPKMVRK3Z5A3;Active;Tim Keller;2026-01-05 16:32:18;
SOB_20260105T163218763056Z_PNJFO5AIENAW;Active;Lea Weiß;2026-01-05 16:32:18;
SOB_20260105T163218763212Z_4HJBBEQE2RAP;Active;Jonas Frank;2026-01-05 16:32:18;
SOB_20260105T163218763360Z_GATHLLYPFFA4;Active;Lara König;2026-01-05 16:32:18;
SOB_20260105T163218763508Z_KWRV3LGKCJA6;Active;Felix Meyer;2026-01-05 16:32:18;
SOB_20260105T163218763659Z_AY5XXRYTPFCN;Active;Anna Richter;2026-01-05 16:32:18;
SOB_20260105T163218763813Z_43XRHAW3EVGV;Active;Leon Wagner;2026-01-05 16:32:18;
SOB_20260105T163218763959Z_GO6BIMOHU5CN;Active;Lina Hoffmann;2026-01-05 16:32:18;
SOB_20260105T163218764107Z_XQRO2PKIFBDX;Active;Pauline Keller;2026-01-05 16:32:18;
SOB_20260105T163218764254Z_BGTD5TQ2XVH3;Active;David Klein;2026-01-05 16:32:18;
SOB_20260105T163218764402Z_XGURMWIR5VDO;Active;Nora Busch;2026-01-05 16:32:18;
SOB_20260105T163218764556Z_HBABGMDMMFF5;Active;Lennart Beck;2026-01-05 16:32:18;
SOB_20260105T163218764703Z_DE3IKMHAJVFB;Active;Clara Schmid;2026-01-05 16:32:18;
SOB_20260105T163218764847Z_CTRSF7G4WBAE;Active;Moritz Dietrich;2026-01-05 16:32:18;
SOB_20260105T163218765017Z_U2YXMJZAONCL;Active;Mara Schneider;2026-01-05 16:32:18;
SOB_20260105T163218765162Z_WVX25PFVRVFH;Active;Tim Keller;2026-01-05 16:32:18;
SOB_20260105T163218765309Z_OAV53QNY2JH4;Active;Lea Weiß;2026-01-05 16:32:18;
SOB_20260105T163218765448Z_TJVTPUUVQZGC;Active;Jonas Frank;2026-01-05 16:32:18;
SOB_20260105T163218765591Z_IP7I2YBATND7;Active;Lara König;2026-01-05 16:32:18;
SOB_20260105T163218765734Z_OEBG3BPARNEH;Active;Felix Meyer;2026-01-05 16:32:18;
SOB_20260105T163218765877Z_XRX5XMJDCJHM;Active;Anna Richter;2026-01-05 16:32:18;
SOB_20260105T163218766025Z_3F2DMND4DVHH;Active;Leon Wagner;2026-01-05 16:32:18;
SOB_20260105T163218766166Z_2DHCAUI2QFBP;Active;Lina Hoffmann;2026-01-05 16:32:18;
SOB_20260105T163218766305Z_IKJ3WCNAO5G7;Active;Pauline Keller;2026-01-05 16:32:18;
SOB_20260105T163218766452Z_UTQRDPAR7VFU;Active;David Klein;2026-01-05 16:32:18;
SOB_20260105T163218766592Z_PUZ3FCD7RRAS;Active;Nora Busch;2026-01-05 16:32:18;
SOB_20260105T163218766739Z_UWZX5MEFU5ES;Active;Lennart Beck;2026-01-05 16:32:18;
SOB_20260105T163218766884Z_ICAVBAQE2ZGG;Active;Clara Schmid;2026-01-05 16:32:18;
SOB_20260105T163218767026Z_VBTT3ISPCNAF;Active;Moritz Dietrich;2026-01-05 16:32:18;
SOB_20260105T163218767190Z_KIOG4MTCSNAP;Active;Mara Schneider;2026-01-05 16:32:18;
SOB_20260105T163218767336Z_UQEZHGMFAJFN;Active;Tim Keller;2026-01-05 16:32:18;
SOB_20260105T163218767486Z_VUROQ3ZG6JE2;Active;Lea Weiß;2026-01-05 16:32:18;
SOB_20260105T163218767628Z_EDUI5S2BSNEI;Active;Jonas Frank;2026-01-05 16:32:18;
SOB_20260105T163218767774Z_QYZ2ZBOP4RFM;Active;Lara König;2026-01-05 16:32:18;
SOB_20260105T163218767919Z_AH6FHIMYB5HG;Active;Felix Meyer;2026-01-05 16:32:18;
SOB_20260105T163218768060Z_XMQJE4S54NEU;Active;Anna Richter;2026-01-05 16:32:18;
SOB_20260105T163218768207Z_AM6OPSXY35BO;Active;Leon Wagner;2026-01-05 16:32:18;
SOB_20260105T163218768352Z_BYMKGQPBDFHO;Active;Lina Hoffmann;2026-01-05 16:32:18;
SOB_20260105T163218768494Z_ODEY4YENXRCE;Active;Pauline Keller;2026-01-05 16:32:18;
SOB_20260105T163218768637Z_56BVSRSSMJBQ;Active;David Klein;2026-01-05 16:32:18;
SOB_20260105T163218768780Z_UKS5RUOJX5CY;Active;Nora Busch;2026-01-05 16:32:18;
SOB_20260105T163218768931Z_I5TKNM47FRA6;Active;Lennart Beck;2026-01-05 16:32:18;
SOB_20260105T163218769075Z_7STQ6FGXSNFK;Active;Clara Schmid;2026-01-05 16:32:18;
SOB_20260105T163218769220Z_LQ2LZQGBV5HT;Active;Moritz Dietrich;2026-01-05 16:32:18;
SOB_20260105T163218769361Z_RSOUBKTQBRE6;Active;Mara Schneider;2026-01-05 16:32:18;
SOB_20260105T163218769506Z_YV3JAKI5V5B3;Active;Tim Keller;2026-01-05 16:32:18;
SOB_20260105T163218769656Z_UID7MSKGHJFC;Active;Lea Weiß;2026-01-05 16:32:18;
SOB_20260105T163218769795Z_BPK57TKEMBCZ;Active;Jonas Frank;2026-01-05 16:32:18;
SOB_20260105T163218769937Z_ACBW2B33EZBU;Active;Lara König;2026-01-05 16:32:18;
SOB_20260105T163218770082Z_ZNJQZXT2WVEM;Active;Felix Meyer;2026-01-05 16:32:18;
SOB_20260105T163218770221Z_IKGG2HEMJBEP;Active;Anna Richter;2026-01-05 16:32:18;
SOB_20260105T163218770369Z_7ESXHUW56REJ;Active;Leon Wagner;2026-01-05 16:32:18;
SOB_20260105T163218770511Z_GX5IULHIWJG4;Active;Lina Hoffmann;2026-01-05 16:32:18;
SOB_20260105T163218770650Z_QCRWO4HOVBGG;Active;Pauline Keller;2026-01-05 16:32:18;
SOB_20260105T163218770789Z_LFISIKTHNFAH;Active;David Klein;2026-01-05 16:32:18;
SOB_20260105T163218770940Z_HGH7MA4NQFFR;Active;Nora Busch;2026-01-05 16:32:18;
SOB_20260105T163218771088Z_R3QNBJDQ3ZFK;Active;Lennart Beck;2026-01-05 16:32:18;
SOB_20260105T163218771232Z_FSPAIZVKHVGC;Active;Clara Schmid;2026-01-05 16:32:18;
SOB_20260105T163218771374Z_HOCWML4LMZCX;Active;Moritz Dietrich;2026-01-05 16:32:18;
SOB_20260105T163218771517Z_4BAC2YSKFVFK;Active;Mara Schneider;2026-01-05 16:32:18;
SOB_20260105T163218771668Z_SN2KGIHFZNGL;Active;Tim Keller;2026-01-05 16:32:18;
SOB_20260105T163218771810Z_NFBXNIMQJNBO;Active;Lea Weiß;2026-01-05 16:32:18;
SOB_20260105T163218771963Z_GFCQKQB6BNFP;Active;Jonas Frank;2026-01-05 16:32:18;
SOB_20260105T163218772107Z_DVBOPUV5RJEM;Active;Lara König;2026-01-05 16:32:18;
SOB_20260105T163218772251Z_MXZFKSSVBBGT;Active;Felix Meyer;2026-01-05 16:32:18;
SOB_20260105T163218772405Z_6AB54MFDENF5;Active;Anna Richter;2026-01-05 16:32:18;
SOB_20260105T163218772546Z_LGKUWTEGUJBZ;Active;Leon Wagner;2026-01-05 16:32:18;
SOB_20260105T163218772687Z_LQJUZWIMIJDY;Active;Lina Hoffmann;2026-01-05 16:32:18;
SOB_20260105T163218772829Z_RROPKI6XWND3;Active;Pauline Keller;2026-01-05 16:32:18;
SOB_20260105T163218772972Z_SJXLEWGBVRHV;Active;David Klein;2026-01-05 16:32:18;
SOB_20260105T163218773118Z_NNLKXGYK5NGA;Active;Nora Busch;2026-01-05 16:32:18;
SOB_20260105T163218773261Z_UA2YXZ4P6JD7;Active;Lennart Beck;2026-01-05 16:32:18;
SOB_20260105T163218773403Z_6FFVMIAVXFFA;Active;Clara Schmid;2026-01-05 16:32:18;
SOB_20260105T163218773567Z_L5FJTBXJUVE3;Active;Moritz Dietrich;2026-01-05 16:32:18;
SOB_20260105T163218773706Z_7M7XFIPFNFCA;Active;Mara Schneider;2026-01-05 16:32:18;
SOB_20260105T163218773855Z_CES3MW7VHNA7;Active;Tim Keller;2026-01-05 16:32:18;
SOB_20260105T163218773994Z_FW624REYDNDF;Active;Lea Weiß;2026-01-05 16:32:18;
SOB_20260105T163218774134Z_UMEG5GO6I5HC;Active;Jonas Frank;2026-01-05 16:32:18;
SOB_20260105T163218774279Z_NZKXFAYLONBQ;Active;Lara König;2026-01-05 16:32:18;
SOB_20260105T163218774419Z_W7NZVXSQ7BD6;Active;Felix Meyer;2026-01-05 16:32:18;
SOB_20260105T163218774565Z_6O2Y6KTJVFEV;Active;Anna Richter;2026-01-05 16:32:18;
SOB_20260105T163218774753Z_7BWPG3GTBNDX;Active;Leon Wagner;2026-01-05 16:32:18;
SOB_20260105T163218774909Z_MRU5TE7HRNDM;Active;Lina Hoffmann;2026-01-05 16:32:18;
SOB_20260105T163218775050Z_2JSWXWWSFFBN;Active;Pauline Keller;2026-01-05 16:32:18;
SOB_20260105T163218775192Z_3CYDJ4ZZGFGP;Active;David Klein;2026-01-05 16:32:18;
SOB_20260105T163218775341Z_YMG5QBJJ2JHM;Active;Nora Busch;2026-01-05 16:32:18;
SOB_20260105T163218775489Z_WYSUP4N3OFHK;Active;Lennart Beck;2026-01-05 16:32:18;
SOB_20260105T163218775636Z_DXQ2FENTDNH2;Active;Clara Schmid;2026-01-05 16:32:18;
SOB_20260105T163218775778Z_DBM7QR6BOFGO;Active;Moritz Dietrich;2026-01-05 16:32:18;
SOB_20260105T163218775922Z_KP4C7JSYTJAS;Active;Mara Schneider;2026-01-05 16:32:18;
SOB_20260105T163218776074Z_6E6HV5EZJJGF;Active;Tim Keller;2026-01-05 16:32:18;
SOB_20260105T163218776235Z_NAORKFP36RGC;Active;Lea Weiß;2026-01-05 16:32:18;
SOB_20260105T163218776382Z_FDYO4Q7LGVF7;Active;Jonas Frank;2026-01-05 16:32:18;
SOB_20260105T163218776524Z_JKHF3VK2YZF4;Active;Lara König;2026-01-05 16:32:18;
SOB_20260105T163218776669Z_KEKM2YRXNZBB;Active;Felix Meyer;2026-01-05 16:32:18;
SOB_20260105T163218776817Z_36BZUICZXJF3;Active;Anna Richter;2026-01-05 16:32:18;
SOB_20260105T163218776961Z_FIS7YJIXOJAE;Active;Leon Wagner;2026-01-05 16:32:18;
SOB_20260105T163218777108Z_PWTJFKFGE5GQ;Active;Lina Hoffmann;2026-01-05 16:32:18;
SOB_20260105T163218777251Z_KK6LOLHLDBDO;Active;Pauline Keller;2026-01-05 16:32:18;
SOB_20260105T163218777395Z_6EPXGVPCZRC5;Active;David Klein;2026-01-05 16:32:18;
SOB_20260105T163218777548Z_RKP3PTPKJZGZ;Active;Nora Busch;2026-01-05 16:32:18;
SOB_20260105T163218777692Z_LLXXMLJ4K5C6;Active;Lennart Beck;2026-01-05 16:32:18;
SOB_20260105T163218777833Z_4F2EZBJZTNHZ;Active;Clara Schmid;2026-01-05 16:32:18;
SOB_20260105T163218777978Z_HWHSMGH2KNG4;Active;Moritz Dietrich;2026-01-05 16:32:18;
SOB_20260105T163218778129Z_LC3UM7OHIZEX;Active;Mara Schneider;2026-01-05 16:32:18;
SOB_20260105T163218778273Z_TPT54MY6QNGF;Active;Tim Keller;2026-01-05 16:32:18;
SOB_20260105T163218778419Z_5UM727EFZFGF;Active;Lea Weiß;2026-01-05 16:32:18;
SOB_20260105T163218778564Z_7OYDCOK7H5CO;Active;Jonas Frank;2026-01-05 16:32:18;
SOB_20260105T163218778702Z_SPQUV3AYTRHB;Active;Lara König;2026-01-05 16:32:18;
SOB_20260105T163218778852Z_2SH4H4WOVFH7;Active;Felix Meyer;2026-01-05 16:32:18;
SOB_20260105T163218778994Z_JHVV5OJI45CC;Active;Anna Richter;2026-01-05 16:32:18;
SOB_20260105T163218779134Z_P2F46AUEEVCI;Active;Leon Wagner;2026-01-05 16:32:18;
SOB_20260105T163218779273Z_XSFKRXYVBZD4;Active;Lina Hoffmann;2026-01-05 16:32:18;
SOB_20260105T163218779417Z_VXEKYNBWQ5EH;Active;Pauline Keller;2026-01-05 16:32:18;
SOB_20260105T163218779564Z_RQAM6N5SS5E6;Active;David Klein;2026-01-05 16:32:18;
SOB_20260105T163218779703Z_5W625AX6IJAC;Active;Nora Busch;2026-01-05 16:32:18;
SOB_20260105T163218779846Z_65M54EEUSJBV;Active;Lennart Beck;2026-01-05 16:32:18;
SOB_20260105T163218779985Z_UDHHC3Q5BBG3;Active;Clara Schmid;2026-01-05 16:32:18;
SOB_20260105T163218780129Z_SV5U2PJZGBF7;Active;Moritz Dietrich;2026-01-05 16:32:18;
SOB_20260105T163218780277Z_I4J6AUIW55E4;Active;Mara Schneider;2026-01-05 16:32:18;
SOB_20260105T163218780416Z_DKBWRQGWPVGY;Active;Tim Keller;2026-01-05 16:32:18;
SOB_20260105T163218780589Z_FDTUVAS42BA4;Active;Lea Weiß;2026-01-05 16:32:18;
SOB_20260105T163218780753Z_YIMO2AXONVGW;Active;Jonas Frank;2026-01-05 16:32:18;
SOB_20260105T163218780893Z_AJIGUVYVW5H6;Active;Lara König;2026-01-05 16:32:18;
SOB_20260105T163218781042Z_3TP77Z3VPBA4;Active;Felix Meyer;2026-01-05 16:32:18;
SOB_20260105T163218781183Z_2MZOCCM2ZBGN;Active;Anna Richter;2026-01-05 16:32:18;
SOB_20260105T163218781326Z_NSFD6R2O5RHG;Active;Leon Wagner;2026-01-05 16:32:18;
SOB_20260105T163218781472Z_FPL46SQMMJCC;Active;Lina Hoffmann;2026-01-05 16:32:18;
SOB_20260105T163218781613Z_NNIIF6DOCVF4;Active;Pauline Keller;2026-01-05 16:32:18;
SOB_20260105T163218781765Z_CTPSBX3SUJEW;Active;David Klein;2026-01-05 16:32:18;
SOB_20260105T163218781906Z_MPCWRGWCSVCX;Active;Nora Busch;2026-01-05 16:32:18;
SOB_20260105T163218782052Z_KM2T45BJABCE;Active;Lennart Beck;2026-01-05 16:32:18;
SOB_20260105T163218782196Z_KSP6SNVV4NAV;Active;Clara Schmid;2026-01-05 16:32:18;
SOB_20260105T163218782340Z_RKTNPEDJ4NGR;Active;Moritz Dietrich;2026-01-05 16:32:18;
SOB_20260105T163218782487Z_SYGXELDFPNG6;Active;Mara Schneider;2026-01-05 16:32:18;
SOB_20260105T163218782634Z_S2T47QUWZRCL;Active;Tim Keller;2026-01-05 16:32:18;
SOB_20260105T163218782778Z_3ON3KNRE6VFP;Active;Lea Weiß;2026-01-05 16:32:18;
SOB_20260105T163218782920Z_YWNWY4563ZG6;Active;Jonas Frank;2026-01-05 16:32:18;
SOB_20260105T163218783064Z_6AP5U2HVT5AD;Active;Lara König;2026-01-05 16:32:18;
SOB_20260105T163218783212Z_QN57P4KK7VCD;Active;Felix Meyer;2026-01-05 16:32:18;
SOB_20260105T163218783356Z_H6UH36FDMZGS;Active;Anna Richter;2026-01-05 16:32:18;
SOB_20260105T163218783501Z_TDNRH4GLORBV;Active;Leon Wagner;2026-01-05 16:32:18;
SOB_20260105T163218783643Z_2MPB2IIIANCV;Active;Lina Hoffmann;2026-01-05 16:32:18;
SOB_20260105T163218783788Z_BST6UKGUVVFT;Active;Pauline Keller;2026-01-05 16:32:18;
SOB_20260105T163218783938Z_OSXXUQKNDJD2;Active;David Klein;2026-01-05 16:32:18;
SOB_20260105T163218784083Z_5Z6ZWMSXRVBZ;Active;Nora Busch;2026-01-05 16:32:18;
SOB_20260105T163218784224Z_45AR7CC2VFEG;Active;Lennart Beck;2026-01-05 16:32:18;
SOB_20260105T163218784364Z_YXNVI64GXBAP;Active;Clara Schmid;2026-01-05 16:32:18;
SOB_20260105T163218784511Z_MBINQ5RPVZCH;Active;Moritz Dietrich;2026-01-05 16:32:18;
SOB_20260105T163218784658Z_7AIGLPOI5FBK;Active;Mara Schneider;2026-01-05 16:32:18;
SOB_20260105T163218784800Z_I5KZ6VFJ6RCX;Active;Tim Keller;2026-01-05 16:32:18;
SOB_20260105T163218784943Z_B7UZCDF5RNF4;Active;Lea Weiß;2026-01-05 16:32:18;
SOB_20260105T163218785083Z_JPPJZEX7WNAD;Active;Jonas Frank;2026-01-05 16:32:18;
SOB_20260105T163218785226Z_D36UFBFDUFBH;Active;Lara König;2026-01-05 16:32:18;
SOB_20260105T163218785373Z_SUL6PZAKUBB4;Active;Felix Meyer;2026-01-05 16:32:18;
SOB_20260105T163218785511Z_SHQPVYHKRJA4;Active;Anna Richter;2026-01-05 16:32:18;
SOB_20260105T163218785650Z_QOKIBWRZR5BG;Active;Leon Wagner;2026-01-05 16:32:18;
SOB_20260105T163218785791Z_OX7KCQXKJ5EW;Active;Lina Hoffmann;2026-01-05 16:32:18;
SOB_20260105T163218785945Z_W4DZDX2UWFBA;Active;Pauline Keller;2026-01-05 16:32:18;
SOB_20260105T163218786090Z_EW737LITMBDR;Active;David Klein;2026-01-05 16:32:18;
SOB_20260105T163218786234Z_JKVZNASDUFB6;Active;Nora Busch;2026-01-05 16:32:18;
SOB_20260105T163218786377Z_5VPORHCG7BGF;Active;Lennart Beck;2026-01-05 16:32:18;
SOB_20260105T163218786520Z_WJPAOEASS5GF;Active;Clara Schmid;2026-01-05 16:32:18;
SOB_20260105T163218786668Z_XHSIDHJOXBFH;Active;Moritz Dietrich;2026-01-05 16:32:18;
SOB_20260105T163218786812Z_N4H3AA5KRFBX;Active;Mara Schneider;2026-01-05 16:32:18;
SOB_20260105T163218786957Z_AL26LKM2EVEF;Active;Tim Keller;2026-01-05 16:32:18;
SOB_20260105T163218787100Z_KAXEK7ILBBHN;Active;Lea Weiß;2026-01-05 16:32:18;
SOB_20260105T163218787246Z_B6KCGECUHVGI;Active;Jonas Frank;2026-01-05 16:32:18;
SOB_20260105T163218787395Z_RQWB3LPGY5CB;Active;Lara König;2026-01-05 16:32:18;
SOB_20260105T163218787540Z_EY3UDSVNXRAF;Active;Felix Meyer;2026-01-05 16:32:18;
SOB_20260105T163218787681Z_SDK26EGLBZBQ;Active;Anna Richter;2026-01-05 16:32:18;
SOB_20260105T163218787822Z_HHCIPRWZRRHT;Active;Leon Wagner;2026-01-05 16:32:18;
SOB_20260105T163218787961Z_7OILVVLH7NF2;Active;Lina Hoffmann;2026-01-05 16:32:18;
SOB_20260105T163218788110Z_ZROH5LQ3RJAL;Active;Pauline Keller;2026-01-05 16:32:18;
SOB_20260105T163218788250Z_GG4RFLUQTFAP;Active;David Klein;2026-01-05 16:32:18;
SOB_20260105T163218788391Z_RIPQWSFBRZEO;Active;Nora Busch;2026-01-05 16:32:18;
SOB_20260105T163218788533Z_MVWKNTF2Z5BK;Active;Lennart Beck;2026-01-05 16:32:18;
SOB_20260105T163218788697Z_VIUHDT73HRCG;Active;Clara Schmid;2026-01-05 16:32:18;
SOB_20260105T163218788843Z_ETKFNMRF2VGS;Active;Moritz Dietrich;2026-01-05 16:32:18;
SOB_20260105T163218788984Z_FHBQO45RSZCN;Active;Mara Schneider;2026-01-05 16:32:18;
SOB_20260105T163218789126Z_UAGEYSIFS5CX;Active;Tim Keller;2026-01-05 16:32:18;
SOB_20260105T163218789265Z_OEH4KAKE5RFR;Active;Lea Weiß;2026-01-05 16:32:18;
SOB_20260105T163218789403Z_36QC6OVLVRGV;Active;Jonas Frank;2026-01-05 16:32:18;
SOB_20260105T163218789553Z_FGSNDC5ZJJF4;Active;Lara König;2026-01-05 16:32:18;
SOB_20260105T163218789695Z_J3G2CNGCVNH6;Active;Felix Meyer;2026-01-05 16:32:18;
SOB_20260105T163218789839Z_YDL7PKXBSJDF;Active;Anna Richter;2026-01-05 16:32:18;
SOB_20260105T163218789981Z_EELCAD3U7NHM;Active;Leon Wagner;2026-01-05 16:32:18;
SOB_20260105T163218790123Z_HIROAHMRVZBT;Active;Lina Hoffmann;2026-01-05 16:32:18;
SOB_20260105T163218790268Z_FGFZI65MNJDI;Active;Pauline Keller;2026-01-05 16:32:18;
SOB_20260105T163218790515Z_MBVJ7YBCUJB7;Active;David Klein;2026-01-05 16:32:18;
SOB_20260105T163218790677Z_A6RVMHH3FZDD;Active;Nora Busch;2026-01-05 16:32:18;
SOB_20260105T163218790828Z_AWBCGQO7LFBX;Active;Lennart Beck;2026-01-05 16:32:18;
SOB_20260105T163218791030Z_3RWVVLLR5FBR;Active;Clara Schmid;2026-01-05 16:32:18;
SOB_20260105T163218791195Z_QQ77PUWWPVC5;Active;Moritz Dietrich;2026-01-05 16:32:18;
SOB_20260105T163218791343Z_L3DLW4EKD5HC;Active;Mara Schneider;2026-01-05 16:32:18;
SOB_20260105T163218791498Z_JXD2ANY3LVC7;Active;Tim Keller;2026-01-05 16:32:18;
SOB_20260105T163218791641Z_FN7USP37OFCB;Active;Lea Weiß;2026-01-05 16:32:18;
SOB_20260105T163218791785Z_DEZAMP5Q4FHT;Active;Jonas Frank;2026-01-05 16:32:18;
SOB_20260105T163218791942Z_RBXYWZ4KHNDH;Active;Lara König;2026-01-05 16:32:18;
SOB_20260105T163218792092Z_RCDN57SVHJFN;Active;Felix Meyer;2026-01-05 16:32:18;
SOB_20260105T163218792240Z_RUR5QMUC2NE4;Active;Anna Richter;2026-01-05 16:32:18;
SOB_20260105T163218792418Z_CPACMMLLP5D5;Active;Leon Wagner;2026-01-05 16:32:18;
SOB_20260105T163218792610Z_QREDGQRQBVGR;Active;Lina Hoffmann;2026-01-05 16:32:18;
SOB_20260105T163218792836Z_BN7MVCG6U5CE;Active;Pauline Keller;2026-01-05 16:32:18;
SOB_20260105T163218792992Z_MLWH4EXVDNH3;Active;David Klein;2026-01-05 16:32:18;
SOB_20260105T163218793143Z_KF6VOKI7ERCW;Active;Nora Busch;2026-01-05 16:32:18;
SOB_20260105T163218793288Z_KK6RDTPHK5BN;Active;Lennart Beck;2026-01-05 16:32:18;
SOB_20260105T163218793440Z_XNE6DQPBHZBE;Active;Clara Schmid;2026-01-05 16:32:18;
SOB_20260105T163218793591Z_AAIBI3ZMBZDC;Active;Moritz Dietrich;2026-01-05 16:32:18;
SOB_20260105T163218793740Z_Z4PMJIFWPRCA;Active;Mara Schneider;2026-01-05 16:32:18;
SOB_20260105T163218793887Z_M7OYZQ6ARJEF;Active;Tim Keller;2026-01-05 16:32:18;
SOB_20260105T163218794036Z_LUEQNKPDXZEF;Active;Lea Weiß;2026-01-05 16:32:18;
SOB_20260105T163218794189Z_2KGUNLWKGBDI;Active;Jonas Frank;2026-01-05 16:32:18;
SOB_20260105T163218794333Z_OYO26DVN2BHK;Active;Lara König;2026-01-05 16:32:18;
SOB_20260105T163218794479Z_URDQFHV2WRH2;Active;Felix Meyer;2026-01-05 16:32:18;
SOB_20260105T163218794623Z_K5PVVQNM2VAU;Active;Anna Richter;2026-01-05 16:32:18;
SOB_20260105T163218794768Z_UMQD5PX6FVBB;Active;Leon Wagner;2026-01-05 16:32:18;
SOB_20260105T163218794923Z_FTRPBVM5AVA2;Active;Lina Hoffmann;2026-01-05 16:32:18;
SOB_20260105T163218795071Z_Y2D72GAXW5AC;Active;Pauline Keller;2026-01-05 16:32:18;
SOB_20260105T163218795216Z_YVPDU7QYF5AH;Active;David Klein;2026-01-05 16:32:18;
